Title,Source,Thumbnail
Domestic cat,National Geographic,https://serpapi.com/searches/67667762156a30a3efaf4044/images/012d02da2582938c55d630b0645370eda35b9a239b1597d3ac5f2989045ef45a.jpeg
Cats have 276 facial expressions. Why?,National Geographic,https://serpapi.com/searches/67667762156a30a3efaf4044/images/012d02da2582938c63531a91ff70f64fbab484a2bbc4a4e1a0e499c9ba371fb3.jpeg
Cat - Wikipedia,Wikipedia,https://serpapi.com/searches/67667762156a30a3efaf4044/images/012d02da2582938c8fced815cbc071a64c757626cd14c1f15e0d393c02e79b79.jpeg
Domestic cat,National Geographic,https://serpapi.com/searches/67667762156a30a3efaf4044/images/012d02da2582938c8141d8890139e92bb775cb5751e8ab6e1f14c15f60a02f08.jpeg
A Cat's Personality - FOUR PAWS ...,Four Paws,https://serpapi.com/searches/67667762156a30a3efaf4044/images/012d02da2582938c8b9d9d63db82daa646642ee385eb664e93ad18d4ce235e25.jpeg
Cats React to 'Baby Talk' From Their ...,Smithsonian Magazine,https://serpapi.com/searches/67667762156a30a3efaf4044/images/012d02da2582938cef2b4c4da239190a87cda9d7b4740072dc60fba1231d9089.jpeg
10 Surprising benefits of having a cat ...,WFLA,https://serpapi.com/searches/67667762156a30a3efaf4044/images/012d02da2582938c96785b2461cecc062854ddfb5b9c101198614df4feeddd93.jpeg
The Origins of Cats | Cat History ...,Happy Paws Happy Hearts,https://serpapi.com/searches/67667762156a30a3efaf4044/images/012d02da2582938ce6f101d3d007e2448415f9add5d2197a398216fc86203a62.jpeg
Tabby cat - Wikipedia,Wikipedia,https://serpapi.com/searches/67667762156a30a3efaf4044/images/012d02da2582938cc1756d94cc9bb0ad81c763bfc728034f02752cfac7baf4cd.jpeg
"cat - Wiktionary, the free dictionary",Wiktionary,https://serpapi.com/searches/67667762156a30a3efaf4044/images/012d02da2582938cedd2750afea99099431fa50f6f7766845564b331d98fbb37.jpeg
10 Facts about Cats - FOUR PAWS ...,Four Paws,https://serpapi.com/searches/67667762156a30a3efaf4044/images/012d02da2582938c63531a91ff70f64f102a36c57fa9897520f0dbbc39b60c97.jpeg
Baby Cat Feel Safe ...,The Community Cats Podcast,https://serpapi.com/searches/67667762156a30a3efaf4044/images/012d02da2582938c63531a91ff70f64f34929754ab61a0502d624f5241836002.jpeg
Surprising Cat Facts,Petlibro,https://serpapi.com/searches/67667762156a30a3efaf4044/images/012d02da2582938c63531a91ff70f64f28e42cac8e77f261e1802baa60eafc3c.jpeg
Pet Cats and Dogs ...,Scientific American,https://serpapi.com/searches/67667762156a30a3efaf4044/images/012d02da2582938c63531a91ff70f64fbe4c361327c3e124e3337733e1035f72.jpeg
Miner's cat | mammal | Britannica,Britannica,https://serpapi.com/searches/67667762156a30a3efaf4044/images/012d02da2582938c63531a91ff70f64f38b29cc060ec982192da85183ef75aff.jpeg
"Cats | Healthy Pets, Healthy People | CDC",CDC,https://serpapi.com/searches/67667762156a30a3efaf4044/images/012d02da2582938c63531a91ff70f64f32830281bc999e0de2c7e4bbd3310353.jpeg
Is your cat bad? The problem is likely ...,Los Angeles Times,https://serpapi.com/searches/67667762156a30a3efaf4044/images/012d02da2582938c63531a91ff70f64f2d3d36cb3806f1cc76e86c4bb387c159.jpeg
cat? | Aeon Essays,Aeon,https://serpapi.com/searches/67667762156a30a3efaf4044/images/012d02da2582938c63531a91ff70f64f405574b34453c0c0b59ec213c344926f.jpeg
Living With a Cat Means Responsibility ...,Four Paws,https://serpapi.com/searches/67667762156a30a3efaf4044/images/012d02da2582938c63531a91ff70f64f785e691e1c78900605f25d03c1f65d21.jpeg
The History of Cats: All Your Questions ...,www.purina.in,https://serpapi.com/searches/67667762156a30a3efaf4044/images/012d02da2582938c63531a91ff70f64f3200dc165512dc3bd832fda135acd95d.jpeg
Cats aren't jerks. They're just ...,The Washington Post,https://serpapi.com/searches/67667762156a30a3efaf4044/images/012d02da2582938c8fced815cbc071a6e941e723fc1ff155a3a611c9f947d191.jpeg
999+ Cat Face Pictures | Download Free ...,Unsplash,https://serpapi.com/searches/67667762156a30a3efaf4044/images/012d02da2582938c8fced815cbc071a60fe7b917b74683a38becb77849307742.jpeg
Introducing a Kitten to an Older Cat ...,Vets for Pets,https://serpapi.com/searches/67667762156a30a3efaf4044/images/012d02da2582938c8fced815cbc071a64fccefea8b0e271626929d0b1649958a.jpeg
Cats as pets - Cat behavior | Britannica,Britannica,https://serpapi.com/searches/67667762156a30a3efaf4044/images/012d02da2582938c8fced815cbc071a64baccc2c7d8930b9afeb06de269e7e47.jpeg
Before getting a cat | Blog,Cats Protection,https://serpapi.com/searches/67667762156a30a3efaf4044/images/012d02da2582938c8fced815cbc071a61ae302723e187f99931f2df947f240e5.jpeg
Nala Cat ™ (@nala_cat) • Instagram ...,Instagram,https://serpapi.com/searches/67667762156a30a3efaf4044/images/012d02da2582938c8fced815cbc071a65a680d79d4d85b3a67f595511d372005.jpeg
Anxiety in Cats | How to Calm a ...,Vets for Pets,https://serpapi.com/searches/67667762156a30a3efaf4044/images/012d02da2582938c8fced815cbc071a628fa2a29d0e407e10c2eefcbbdb161f0.jpeg
Cat? - Naples Mobile Vet Clinic ...,Naples Mobile Vet Clinic LLC,https://serpapi.com/searches/67667762156a30a3efaf4044/images/012d02da2582938c8fced815cbc071a6849c9c79994e7fb9bc8c6873913a228c.jpeg
Finding the right cat for me | Royal ...,Royal Canin,https://encrypted-tbn0.gstatic.com/images?q=tbn:ANd9GcTit2q4AmKbnd0LGInyb5ob1A87lK0r62TOCQ&s
Here's how your cat experiences the world,National Geographic,https://encrypted-tbn0.gstatic.com/images?q=tbn:ANd9GcQ8MOdgMj2xf2-SFLbyHiDe-w8ZNaOwF379eg&s
When Do Cats Stop Growing? | PetMD,PetMD,https://encrypted-tbn0.gstatic.com/images?q=tbn:ANd9GcRAMGQC153TLgFFHYANXO6wwNJWdgzOYNPCVQ&s
How Cats Used Humans to Conquer the ...,The Atlantic,https://encrypted-tbn0.gstatic.com/images?q=tbn:ANd9GcRMC1DaM7y763txQoOusf1ou9DZ_iQSpnuTcA&s
Cat Care on a Budget | Blue Cross,Blue Cross,https://encrypted-tbn0.gstatic.com/images?q=tbn:ANd9GcS7TO8KZaXTVIU7_cLj5wcf7_K7tUPivTzHYw&s
Cat Pictures & Images [HD ...,Pixabay,https://encrypted-tbn0.gstatic.com/images?q=tbn:ANd9GcS5o4qGBKQB52iI_Tc0GjUxle1E6xSlmNrMKw&s
What is a Cat's Average Lifespan ...,Lakeland Animal Clinic,https://encrypted-tbn0.gstatic.com/images?q=tbn:ANd9GcSIAAMh1ztNH_0758uUdZtunB_D47K0853dAg&s
10 Things Your Cat Wants You To Know ...,The Cat's Meow Veterinary Hospital,https://encrypted-tbn0.gstatic.com/images?q=tbn:ANd9GcQAqtpu8sZxMQqQbNH5MuntEnBZotw3V2JCiA&s
12 Common Cat Myths Debunked | Blue Cross,Blue Cross,https://encrypted-tbn0.gstatic.com/images?q=tbn:ANd9GcTw1Mmz4v5HtbI0SD6ig0ggl7jiVyqUjGAptw&s
15 Fluffy Cat Breeds and Types to ...,Country Living Magazine,https://encrypted-tbn0.gstatic.com/images?q=tbn:ANd9GcTf2rHy88ao7G_MqvODVeeOuv_PmmjFkogRcA&s
"Cats as Pets | Pros, Cons, Care ...",Britannica,https://encrypted-tbn0.gstatic.com/images?q=tbn:ANd9GcRUaxw5bWoaejxHTZoUdNx7cz9_dywgXvu8lg&s
Time for a tax on cats?,Sussex Bylines,https://encrypted-tbn0.gstatic.com/images?q=tbn:ANd9GcTu7PCr6_inJ70OAXcTX_xCS4JI-vefjt4Uhw&s
New Cat to Your Resident Cat ...,Dumb Friends League,https://encrypted-tbn0.gstatic.com/images?q=tbn:ANd9GcRAkyaZRHWVvU4mdT347JhED5-bWqo5ULi5mg&s
Cats classified as 'alien species' by ...,NewsNation,https://encrypted-tbn0.gstatic.com/images?q=tbn:ANd9GcRdaR-66ZFKXaQLf0ULnXEB-yng2JbR4ijjww&s
Cats Recognize Their Own Names--Even If ...,Scientific American,https://encrypted-tbn0.gstatic.com/images?q=tbn:ANd9GcSbswHR95iogKGGsWtbJ1kvPX4cpdV9R2lQ6g&s
Sand cat | Smithsonian's National Zoo ...,National Zoo,https://encrypted-tbn0.gstatic.com/images?q=tbn:ANd9GcSf8bVPK9Xb7owNSKT_Oe4zV--I3GBQHtmosA&s
feline friends really think about hugs ...,The Guardian,https://encrypted-tbn0.gstatic.com/images?q=tbn:ANd9GcStvFHRuoYDhwZxBVgRVH0ZkYI5A6UiFudQIQ&s
Sassy or sweet: what coat color (might ...,Wisdom Panel,https://encrypted-tbn0.gstatic.com/images?q=tbn:ANd9GcQ4amywdJK0cYqJGgiEvov7Z7qVuSFg9J1kEw&s
Cat Care Sheet,Petco,https://encrypted-tbn0.gstatic.com/images?q=tbn:ANd9GcSwYzXu5BkWBzvRWqp9rVGgO3DjA6Nt-n3g0Q&s
How Free-Roaming Cats Impact Wildlife ...,Texas A&M College of Veterinary Medicine - Texas A&M University,https://encrypted-tbn0.gstatic.com/images?q=tbn:ANd9GcTFPr7Nb6pmE-_DYT0T_VgSnFWwH8clcmktLQ&s
Cat Advice | Blue Cross,Blue Cross,https://encrypted-tbn0.gstatic.com/images?q=tbn:ANd9GcTUZPG_IHz6V7h8vHzTqjS2umoPMs69hP6uVA&s
Lollypop Farm,Lollypop Farm,https://encrypted-tbn0.gstatic.com/images?q=tbn:ANd9GcRKRLffx14XZYHPXO4TUwiCez5N-gzih8hpfQ&s
"Cat - Simple English Wikipedia, the ...",Simple Wikipedia,https://encrypted-tbn0.gstatic.com/images?q=tbn:ANd9GcTen03JQ7G1WboCraBA-bGx-eGf5IKxFmD55Q&s
Why do we think cats are unfriendly?,BBC,https://encrypted-tbn0.gstatic.com/images?q=tbn:ANd9GcR1C8HMDleZTQG44cEo86g3_3JCmEoT9MdQ9g&s
How to Socialize a Kitten | Alley Cat ...,Alley Cat Allies,https://encrypted-tbn0.gstatic.com/images?q=tbn:ANd9GcTirmtQgndziW4ni4Rxud431QLqxAPHqnXJSQ&s
The adorable clouded tiger cat is brand ...,National Geographic,https://encrypted-tbn0.gstatic.com/images?q=tbn:ANd9GcSvbyf_1BnGHR3V9gN4ssOPG18lrej8R04R5Q&s
cat Milk for Nintendo Switch - Nintendo ...,Nintendo,https://encrypted-tbn0.gstatic.com/images?q=tbn:ANd9GcSgCeXeNf23-CV74ufZXhNx-ZYqzM_iIQqdeg&s
Miner's cat | mammal | Britannica,Britannica,https://encrypted-tbn0.gstatic.com/images?q=tbn:ANd9GcTj0Yrx17n1drkMYpW55ZQkkXegIynoji4hJA&s
How the Cat Gets Its Stripes: It's ...,The New York Times,https://encrypted-tbn0.gstatic.com/images?q=tbn:ANd9GcSszHtHXYkShquFKPb8D2MXutGH97YCeajQHQ&s
cats Archives — Colossal,Colossal,https://encrypted-tbn0.gstatic.com/images?q=tbn:ANd9GcQF3bd1jx0M0pGAO3_95nzAswu3U7B8nh2Q2A&s
Rainbow Cat | Abposters ...,Abposters.com,https://encrypted-tbn0.gstatic.com/images?q=tbn:ANd9GcQ1vSj8zyi8OYwwcjGlSK4_04eMoLH38k7ffA&s
Black Cat Bias': The superstition ...,The Independent Florida Alligator,https://encrypted-tbn0.gstatic.com/images?q=tbn:ANd9GcQyZ_51UMghxNYlhb-8vv69oTXMhLkSGB0GSA&s
Domestication of the cat - Wikipedia,Wikipedia,https://encrypted-tbn0.gstatic.com/images?q=tbn:ANd9GcTbFg5lxh6dzs6h4xCBkwULGYUVo3aJK7mCeQ&s
750+ Cute Cat Pictures | Download Free ...,Unsplash,https://encrypted-tbn0.gstatic.com/images?q=tbn:ANd9GcRlVTWL4dqk9ZokaiRQe0kdV3_dNvkB7A3xTw&s
How Humans Created Cats - The Atlantic,The Atlantic,https://encrypted-tbn0.gstatic.com/images?q=tbn:ANd9GcRLH1lV3LlreWmN6yC_DaG9aq7PS3HTOWnqEw&s
"Facts about cats: Domestication, breeds ...",Live Science,https://encrypted-tbn0.gstatic.com/images?q=tbn:ANd9GcR6KVP5k8f0om4gdEQQ5YVulEgkKGzWGrbpWQ&s
Adoptable Cats - Sioux Falls Humane ...,Sioux Falls Area Humane Society,https://encrypted-tbn0.gstatic.com/images?q=tbn:ANd9GcSFn_xTNQkgJgbPNdmM8ZMRaeZiUkT7N287Ww&s
Fishing cat | Smithsonian's National ...,Smithsonian's National Zoo and Conservation Biology Institute,https://encrypted-tbn0.gstatic.com/images?q=tbn:ANd9GcQii7UZ_tx9fvAv_Ibg-SeESKxSkj02e-tg8A&s
Persian Cat - YouTube,YouTube,https://encrypted-tbn0.gstatic.com/images?q=tbn:ANd9GcRbR5ful0nzPYiM1OrgizcTdcGM251SLB7UeA&s
12 Fluffy Cat Breeds for Endless Cuddles,The Spruce Pets,https://encrypted-tbn0.gstatic.com/images?q=tbn:ANd9GcR9m9IlbkHu3o4FRrzxE7kvyaM_eB4bQwGN8w&s
Wall Art Print | Paint Cat | Abposters.com,Abposters.com,https://encrypted-tbn0.gstatic.com/images?q=tbn:ANd9GcSk7Aqr9i3e7yukwHIjhpyy7iHTZ-GdGf9SkA&s
Cats Inspire Fictional Counterparts ...,Fear Free Happy Homes,https://encrypted-tbn0.gstatic.com/images?q=tbn:ANd9GcQj_22koDFs1UKOI8R41PZ364c7yY-4TroNzg&s
Homepage - catvets.com,catvets.com,https://encrypted-tbn0.gstatic.com/images?q=tbn:ANd9GcTTygoVEZEhVTj7_PRbKskl5CXb7IOYz-8tJQ&s
Cats | HSTB | Humane Society of Tampa Bay,Humane Society of Tampa Bay,https://encrypted-tbn0.gstatic.com/images?q=tbn:ANd9GcQLzZIdanaGZF0JEOnoIUFN0vDz17GR7sNlww&s
The Man Who Reinvented the Cat | The ...,The New Yorker,https://encrypted-tbn0.gstatic.com/images?q=tbn:ANd9GcT7v50d7OVMFpLSdUOdmNVvGILO3YMdly_YuQ&s
Miner's cat | mammal | Britannica,Britannica,https://encrypted-tbn0.gstatic.com/images?q=tbn:ANd9GcR_nnWJ4LRqaqmtZi7tir3Jx_HO6BGX8p2V5w&s
How House Cats Evolved | Scientific ...,Scientific American,https://encrypted-tbn0.gstatic.com/images?q=tbn:ANd9GcRw1h2yNFGh2Qc6IDCDLGZl0CV1nklOeMizJg&s
I just spent a week with a robot cat ...,ZDNET,https://encrypted-tbn0.gstatic.com/images?q=tbn:ANd9GcSnmK_fvsyLxR0rFjyDSpw6TiqonJdhVOJ2qg&s
National Cat Lovers Month - American ...,American Humane,https://encrypted-tbn0.gstatic.com/images?q=tbn:ANd9GcS_QsBgKa55j55DDtXDwaX0Tc5vQLySml7npA&s
"Cats news, articles and features | New ...",New Scientist,https://encrypted-tbn0.gstatic.com/images?q=tbn:ANd9GcTNtcfap_t77m1KhQzQd-QzIv8De4UvePwU9A&s
Nala Cat ™ (@nala_cat) • Instagram ...,Instagram,https://encrypted-tbn0.gstatic.com/images?q=tbn:ANd9GcSgT3k-Xc0Z6jWuyS7zIj0k3ZqhZIfjgceSIw&s
13 Smartest Cat Breeds,The Spruce Pets,https://encrypted-tbn0.gstatic.com/images?q=tbn:ANd9GcRg_p5b_JnXB5OQK1a-zyt9Wd1e4lzWwI_IKA&s
The 5 Cat Personality Types: Which Is ...,Cats.com,https://encrypted-tbn0.gstatic.com/images?q=tbn:ANd9GcS8PM9zohh13Z4hG8hIX2BKbKU7zFL2Yb015w&s
5 Facts About Tabby Cats - 5 Facts ...,Cat Town,https://encrypted-tbn0.gstatic.com/images?q=tbn:ANd9GcR_Z4xPQJqZtvQ9lE_KjxD-USwDdWfxwbJxBg&s
15 Fluffy Cat Breeds and Types to ...,Country Living Magazine,https://encrypted-tbn0.gstatic.com/images?q=tbn:ANd9GcSUUc-xJN7ldyu-uINTIBIHi_TRyVR33gX9VA&s
oldest living cat ...,The Guardian,https://encrypted-tbn0.gstatic.com/images?q=tbn:ANd9GcToHaLjipj7EvK_y0K_vBiNYWMvVARxJ2awTQ&s
and an invasive alien species,NBC News,https://encrypted-tbn0.gstatic.com/images?q=tbn:ANd9GcQpSWLkprI-tByZcuteSHC4Oj5jgiE4vZ3WcA&s
Why Cats Loaf,Best Friends Animal Society,https://encrypted-tbn0.gstatic.com/images?q=tbn:ANd9GcSxP6CsNli7bHPKtuZM4EnIR45KbixrF0oJ6g&s
Hakai Magazine,Hakai Magazine,https://encrypted-tbn0.gstatic.com/images?q=tbn:ANd9GcRKMf2eRJyUglHCUOX-t082lTugmbRbVGPRsw&s
Cat World | Best Friends Animal Society ...,Best Friends Animal Society,https://encrypted-tbn0.gstatic.com/images?q=tbn:ANd9GcSLCZZIjb6PhDy6D9t-H47YyMMwV1SBUU5EfQ&s
Your Cat's First Season | Vets4Pets,Vets for Pets,https://encrypted-tbn0.gstatic.com/images?q=tbn:ANd9GcR9jfp_3SK2bUyVUxdEhgrxfeaABTjii5gkiw&s
Homepage - catvets.com,catvets.com,https://encrypted-tbn0.gstatic.com/images?q=tbn:ANd9GcSY5UTsABcCLC7eo7UCYKR7BaTG_w6FXI23Ow&s
Feral cat - Wikipedia,Wikipedia,https://encrypted-tbn0.gstatic.com/images?q=tbn:ANd9GcQHZWmydHsR72fuYuq8c6mMGwEqguDTGRQJeg&s
7+ Facts About Bengal Cats [Personality ...,RAWZ,https://encrypted-tbn0.gstatic.com/images?q=tbn:ANd9GcTwTXGgeBX8j3qSzVuFJ6uheW_tKshhRrTk4A&s
When does a kitten become a cat ...,Royal Canin,https://encrypted-tbn0.gstatic.com/images?q=tbn:ANd9GcTRDfmzkV7DuOfYhWjJhZJWRRhJIcwpf--4Pw&s
Cute Cats Offer Big Benefits for Your ...,Woman's World,https://encrypted-tbn0.gstatic.com/images?q=tbn:ANd9GcTZpFdVkBAa-g9aydXVKqScEtWGeNCOmVP7kQ&s
How to handle your cat | Woodgreen Pets ...,Woodgreen Pets Charity,https://encrypted-tbn0.gstatic.com/images?q=tbn:ANd9GcT8dHAXSDCHjCL4ErIdTr2Q9vM6Le1M-i8TJA&s
Largest Cat Adoption Shelter in ...,Jacksonville Humane Society,https://encrypted-tbn0.gstatic.com/images?q=tbn:ANd9GcSkTJCvaUUUdFzmzH8p-B-afc9JyywE4JC1xw&s
Fun Facts About the Pallas' Cat ...,WIRED,https://encrypted-tbn0.gstatic.com/images?q=tbn:ANd9GcSSi-BhhabYR1wQ8T5_YERl0es2mkJ58TGfMg&s
Cat's Meows Are So Misunderstood - The ...,The New York Times,https://encrypted-tbn0.gstatic.com/images?q=tbn:ANd9GcSrNNx-G0GvEKN5KbHj7vfOKAPeOSeywoNOeQ&s
Cat Whiskers 101 | Zoetis Petcare,Zoetis Petcare,https://encrypted-tbn0.gstatic.com/images?q=tbn:ANd9GcQmaaNZ_8khAF496gHlKs7h8LvSKTu-FdJupw&s
Cats | The Humane Society of the United ...,The Humane Society of the United States,https://encrypted-tbn0.gstatic.com/images?q=tbn:ANd9GcSKTIrxSkS608Utyd_a5T1AsCYEPMlBYXhNmA&s
